Alexandria,2012-2013,7649018,51.90,72.30,Food Services
Bedford,2012-2013,-,-,-,Food Services
Bristol,2012-2013,1306014,73.78,102.79,Food Services
Buena Vista,2012-2013,400890,59.71,83.19,Food Services
Charlottesville,2012-2013,2343659,52.00,72.44,Food Services
Chesapeake,2012-2013,12747906,55.86,77.83,Food Services
Colonial Heights,2012-2013,1060445,60.16,83.82,Food Services
Covington,2012-2013,595215,92.71,129.17,Food Services
Danville,2012-2013,3860264,88.95,123.92,Food Services
Emporia,2012-2013,619884,104.50,145.59,Food Services
Fairfax,2012-2013,1694798,72.10,100.46,Food Services
Falls Church,2012-2013,2199286,169.70,236.43,Food Services
Franklin,2012-2013,1369883,154.98,215.93,Food Services
Fredericksburg,2012-2013,1629223,62.60,87.22,Food Services
Galax,2012-2013,786115,109.55,152.63,Food Services
Hampton,2012-2013,9698169,69.85,97.31,Food Services
Harrisonburg,2012-2013,3047223,59.91,83.47,Food Services
Hopewell,2012-2013,2409189,105.46,146.93,Food Services
Lexington,2012-2013,174352,23.70,33.02,Food Services
Lynchburg,2012-2013,4014570,52.00,72.45,Food Services
Manassas,2012-2013,3298507,82.67,115.17,Food Services
Manassas Park,2012-2013,2112723,142.39,198.38,Food Services
Martinsville,2012-2013,1476828,106.19,147.94,Food Services
Newport News,2012-2013,15237387,83.11,115.80,Food Services
Norfolk,2012-2013,29649525,120.62,168.06,Food Services
Norton,2012-2013,362855,86.54,120.57,Food Services
Petersburg,2012-2013,2241412,67.69,94.31,Food Services
Poquoson,2012-2013,1737216,141.34,196.92,Food Services
Portsmouth,2012-2013,7748522,79.51,110.78,Food Services
Radford,2012-2013,669239,40.04,55.79,Food Services
Richmond,2012-2013,11850394,56.75,79.06,Food Services
Roanoke,2012-2013,6919898,70.15,97.74,Food Services
Salem,2012-2013,1616531,63.98,89.14,Food Services
Staunton,2012-2013,1294239,52.80,73.56,Food Services
Suffolk,2012-2013,6687318,77.34,107.76,Food Services
Virginia Beach,2012-2013,26503047,59.23,82.52,Food Services
Waynesboro,2012-2013,1298415,60.74,84.62,Food Services
Williamsburg,2012-2013,351356,24.23,33.75,Food Services
Winchester,2012-2013,1932309,71.02,98.95,Food Services
Accomack,2012-2013,2477091,73.89,92.59,Food Services
Albemarle,2012-2013,4788085,47.14,59.07,Food Services
Alleghany,2012-2013,1183049,74.23,93.02,Food Services
Amelia,2012-2013,664682,52.25,65.48,Food Services
Amherst,2012-2013,2255720,69.34,86.88,Food Services
Appomattox,2012-2013,987329,65.02,81.47,Food Services
Arlington,2012-2013,21580804,97.84,122.60,Food Services
Augusta,2012-2013,4753923,64.40,80.70,Food Services
Bath,2012-2013,599262,125.55,157.32,Food Services
Bedford,2012-2013,4150289,59.60,74.68,Food Services
Bland,2012-2013,433881,64.12,80.34,Food Services
Botetourt,2012-2013,2148898,64.55,80.88,Food Services
Brunswick,2012-2013,1174958,67.55,84.64,Food Services
Buchanan,2012-2013,2228118,92.88,116.38,Food Services
Buckingham,2012-2013,1181873,68.33,85.62,Food Services
Campbell,2012-2013,3809366,69.22,86.74,Food Services
Caroline,2012-2013,1965043,67.49,84.57,Food Services
Carroll,2012-2013,2563419,85.52,107.15,Food Services
Charles City,2012-2013,423100,58.93,73.84,Food Services
Charlotte,2012-2013,1140229,90.78,113.75,Food Services
Chesterfield,2012-2013,19854953,61.59,77.17,Food Services
Clarke,2012-2013,822389,57.61,72.18,Food Services
Craig,2012-2013,383711,72.98,91.44,Food Services
Culpeper,2012-2013,3513159,73.60,92.22,Food Services
Cumberland,2012-2013,855432,84.32,105.66,Food Services
Dickenson,2012-2013,1663797,105.66,132.39,Food Services
Dinwiddie,2012-2013,1788299,63.16,79.14,Food Services
Essex,2012-2013,713272,63.67,79.78,Food Services
Fairfax,2012-2013,96232414,86.51,108.40,Food Services
Fauquier,2012-2013,4997285,75.57,94.69,Food Services
Floyd,2012-2013,1018946,65.56,82.15,Food Services
Fluvanna,2012-2013,1478350,56.79,71.16,Food Services
Franklin,2012-2013,4026194,71.11,89.11,Food Services
Frederick,2012-2013,5328539,66.51,83.34,Food Services
Giles,2012-2013,1498127,85.68,107.35,Food Services
Gloucester,2012-2013,2145257,58.02,72.70,Food Services
Goochland,2012-2013,960029,45.35,56.83,Food Services
Grayson,2012-2013,1193795,77.61,97.25,Food Services
Greene,2012-2013,1197575,63.51,79.58,Food Services
Greensville,2012-2013,620629,51.14,64.08,Food Services
Halifax,2012-2013,3065499,84.58,105.99,Food Services
Hanover,2012-2013,7839546,77.37,96.94,Food Services
Henrico,2012-2013,18444193,58.58,73.40,Food Services
Henry,2012-2013,4353385,80.78,101.22,Food Services
Highland,2012-2013,185669,81.15,101.68,Food Services
Isle of Wight,2012-2013,4348351,120.19,150.60,Food Services
James City,2012-2013,3856500,55.45,69.48,Food Services
King and Queen,2012-2013,419586,56.49,70.79,Food Services
King George,2012-2013,1411863,58.96,73.88,Food Services
King William,2012-2013,998835,62.37,78.15,Food Services
Lancaster,2012-2013,583939,51.41,64.41,Food Services
Lee,2012-2013,2230532,86.77,108.73,Food Services
Loudoun,2012-2013,25446810,76.36,95.68,Food Services
Louisa,2012-2013,2176867,64.58,80.92,Food Services
Lunenburg,2012-2013,857679,66.39,83.19,Food Services
Madison,2012-2013,933512,69.29,86.83,Food Services
Mathews,2012-2013,757372,85.26,106.83,Food Services
Mecklenburg,2012-2013,2076551,64.54,80.87,Food Services
Middlesex,2012-2013,492178,44.71,56.02,Food Services
Montgomery,2012-2013,3923985,41.03,51.42,Food Services
Nelson,2012-2013,1088332,72.18,90.44,Food Services
New Kent,2012-2013,913096,47.42,59.41,Food Services
Northampton,2012-2013,798489,64.18,80.42,Food Services
Northumberland,2012-2013,592594,47.54,59.56,Food Services
Nottoway,2012-2013,1013385,63.92,80.09,Food Services
Orange,2012-2013,1859195,54.68,68.52,Food Services
Page,2012-2013,1787455,73.82,92.49,Food Services
Patrick,2012-2013,1559576,83.44,104.55,Food Services
Pittsylvania,2012-2013,5347739,84.72,106.15,Food Services
Powhatan,2012-2013,1372652,48.34,60.57,Food Services
Prince Edward,2012-2013,1298839,55.55,69.61,Food Services
Prince George,2012-2013,2811558,78.28,98.09,Food Services
Prince William,2012-2013,43742000,103.86,130.14,Food Services
Pulaski,2012-2013,2588075,74.80,93.73,Food Services
Rappahannock,2012-2013,503019,67.46,84.52,Food Services
Richmond,2012-2013,512541,55.01,68.93,Food Services
Roanoke,2012-2013,8926435,95.72,119.94,Food Services
Rockbridge,2012-2013,1274748,57.71,72.31,Food Services
Rockingham,2012-2013,5729412,73.88,92.57,Food Services
Russell,2012-2013,1943659,67.28,84.30,Food Services
Scott,2012-2013,6806320,290.31,363.77,Food Services
Shenandoah,2012-2013,2238760,52.29,65.52,Food Services
Smyth,2012-2013,2428136,75.61,94.75,Food Services
Southampton,2012-2013,1271154,68.06,85.28,Food Services
Spotsylvania,2012-2013,8920094,71.63,89.76,Food Services
Stafford,2012-2013,27383600,206.33,258.53,Food Services
Surry,2012-2013,615295,88.83,111.30,Food Services
Sussex,2012-2013,964421,79.45,99.55,Food Services
Tazewell,2012-2013,3395907,75.98,95.20,Food Services
Warren,2012-2013,2437268,64.01,80.20,Food Services
Washington,2012-2013,6012560,108.38,135.80,Food Services
Westmoreland,2012-2013,922526,52.11,65.30,Food Services
Wise,2012-2013,2594826,63.60,79.70,Food Services
Wythe,2012-2013,1864923,63.08,79.04,Food Services
York,2012-2013,3765095,56.68,71.02,Food Services
Alexandria,2011-2012,6541211,45.59,63.79,Food Services
Bedford,2011-2012,-,-,-,Food Services
Bristol,2011-2012,1271208,71.50,100.02,Food Services
Buena Vista,2011-2012,446948,64.95,90.87,Food Services
Charlottesville,2011-2012,2628769,59.11,82.70,Food Services
Chesapeake,2011-2012,11984239,53.05,74.22,Food Services
Colonial Heights,2011-2012,1083048,61.69,86.30,Food Services
Covington,2011-2012,507723,83.34,116.59,Food Services
Danville,2011-2012,3540401,81.70,114.30,Food Services
Emporia,2011-2012,642233,108.01,151.10,Food Services
Fairfax,2011-2012,1587432,69.42,97.12,Food Services
Falls Church,2011-2012,2203660,175.35,245.31,Food Services
Franklin,2011-2012,1471883,169.57,237.22,Food Services
Fredericksburg,2011-2012,1532131,60.12,84.11,Food Services
Galax,2011-2012,1244115,174.61,244.28,Food Services
Hampton,2011-2012,10621957,77.32,108.17,Food Services
Harrisonburg,2011-2012,2700422,53.95,75.47,Food Services
Hopewell,2011-2012,2664366,116.97,163.63,Food Services
Lexington,2011-2012,167043,23.21,32.47,Food Services
Lynchburg,2011-2012,4381042,57.31,80.17,Food Services
Manassas,2011-2012,2999431,76.79,107.43,Food Services
Manassas Park,2011-2012,3348351,230.29,322.16,Food Services
Martinsville,2011-2012,1377471,99.08,138.62,Food Services
Newport News,2011-2012,14189832,78.39,109.66,Food Services
Norfolk,2011-2012,28487569,116.76,163.34,Food Services
Norton,2011-2012,318975,77.82,108.86,Food Services
Petersburg,2011-2012,2219745,67.37,94.25,Food Services
Poquoson,2011-2012,1698843,138.79,194.17,Food Services
Portsmouth,2011-2012,7656569,79.45,111.15,Food Services
Radford,2011-2012,663639,40.14,56.16,Food Services
Richmond,2011-2012,11758559,57.01,79.76,Food Services
Roanoke,2011-2012,6146740,63.23,88.46,Food Services
Salem,2011-2012,1688712,67.63,94.61,Food Services
Staunton,2011-2012,1172538,48.41,67.72,Food Services
Suffolk,2011-2012,6655954,77.67,108.66,Food Services
Virginia Beach,2011-2012,26480280,60.01,83.96,Food Services
Waynesboro,2011-2012,1298684,61.55,86.11,Food Services
Williamsburg,2011-2012,322773,22.64,31.67,Food Services
Winchester,2011-2012,1850347,70.71,98.92,Food Services
Accomack,2011-2012,2453947,73.61,94.96,Food Services
Albemarle,2011-2012,4678275,46.42,59.88,Food Services
Alleghany,2011-2012,1399035,86.47,111.54,Food Services
Amelia,2011-2012,676324,52.67,67.94,Food Services
Amherst,2011-2012,2215582,68.18,87.95,Food Services
Appomattox,2011-2012,981594,65.35,84.30,Food Services
Arlington,2011-2012,21051815,98.20,126.68,Food Services
Augusta,2011-2012,4766414,64.59,83.33,Food Services
Bath,2011-2012,541577,112.90,145.64,Food Services
Bedford,2011-2012,4329470,62.40,80.50,Food Services
Bland,2011-2012,458786,67.99,87.71,Food Services
Botetourt,2011-2012,2093943,62.69,80.88,Food Services
Brunswick,2011-2012,1233844,70.91,91.48,Food Services
Buchanan,2011-2012,2114642,88.09,113.64,Food Services
Buckingham,2011-2012,1048752,61.18,78.92,Food Services
Campbell,2011-2012,3686781,67.33,86.85,Food Services
Caroline,2011-2012,1840417,63.85,82.36,Food Services
Carroll,2011-2012,2597795,87.33,112.65,Food Services
Charles City,2011-2012,396661,54.41,70.19,Food Services
Charlotte,2011-2012,1217661,96.91,125.02,Food Services
Chesterfield,2011-2012,19164048,59.95,77.34,Food Services
Clarke,2011-2012,796574,56.05,72.31,Food Services
Craig,2011-2012,367398,70.10,90.43,Food Services
Culpeper,2011-2012,3453328,73.25,94.50,Food Services
Cumberland,2011-2012,872451,86.38,111.43,Food Services
Dickenson,2011-2012,1772111,112.43,145.04,Food Services
Dinwiddie,2011-2012,1880305,67.11,86.57,Food Services
Essex,2011-2012,927822,82.20,106.04,Food Services
Fairfax,2011-2012,91752491,83.71,107.99,Food Services
Fauquier,2011-2012,4794025,72.88,94.02,Food Services
Floyd,2011-2012,574454,37.10,47.86,Food Services
Fluvanna,2011-2012,1540989,59.29,76.49,Food Services
Franklin,2011-2012,4075279,72.39,93.38,Food Services
Frederick,2011-2012,5142598,64.97,83.81,Food Services
Giles,2011-2012,1121783,64.92,83.75,Food Services
Gloucester,2011-2012,2121652,57.36,74.00,Food Services
Goochland,2011-2012,971970,44.68,57.64,Food Services
Grayson,2011-2012,1159402,74.95,96.68,Food Services
Greene,2011-2012,1105417,58.05,74.89,Food Services
Greensville,2011-2012,626500,51.64,66.62,Food Services
Halifax,2011-2012,3391369,93.73,120.91,Food Services
Hanover,2011-2012,7986698,79.31,102.31,Food Services
Henrico,2011-2012,18208072,58.60,75.59,Food Services
Henry,2011-2012,4130847,76.69,98.93,Food Services
Highland,2011-2012,182225,79.40,102.43,Food Services
Isle of Wight,2011-2012,2060057,58.10,74.95,Food Services
James City,2011-2012,3671938,53.31,68.78,Food Services
King and Queen,2011-2012,434578,61.65,79.53,Food Services
King George,2011-2012,1297606,55.61,71.74,Food Services
King William,2011-2012,1014369,62.77,80.98,Food Services
Lancaster,2011-2012,579705,50.57,65.24,Food Services
Lee,2011-2012,2335742,90.97,117.35,Food Services
Loudoun,2011-2012,22439980,69.19,89.25,Food Services
Louisa,2011-2012,2071358,61.91,79.87,Food Services
Lunenburg,2011-2012,905491,69.83,90.08,Food Services
Madison,2011-2012,767849,57.20,73.79,Food Services
Mathews,2011-2012,744944,83.36,107.53,Food Services
Mecklenburg,2011-2012,2146229,65.16,84.06,Food Services
Middlesex,2011-2012,521280,47.11,60.77,Food Services
Montgomery,2011-2012,4166989,43.86,56.59,Food Services
Nelson,2011-2012,1078389,71.45,92.18,Food Services
New Kent,2011-2012,885761,47.05,60.69,Food Services
Northampton,2011-2012,805455,64.78,83.57,Food Services
Northumberland,2011-2012,600748,48.26,62.25,Food Services
Nottoway,2011-2012,1048894,65.94,85.06,Food Services
Orange,2011-2012,1809457,53.67,69.23,Food Services
Page,2011-2012,1761241,72.91,94.06,Food Services
Patrick,2011-2012,1521847,81.67,105.35,Food Services
Pittsylvania,2011-2012,5392098,85.61,110.44,Food Services
Powhatan,2011-2012,1375344,48.62,62.72,Food Services
Prince Edward,2011-2012,1273949,54.17,69.88,Food Services
Prince George,2011-2012,2663310,74.34,95.90,Food Services
Prince William,2011-2012,40484000,97.66,125.99,Food Services
Pulaski,2011-2012,2538168,73.28,94.54,Food Services
Rappahannock,2011-2012,446207,60.22,77.68,Food Services
Richmond,2011-2012,541574,58.63,75.64,Food Services
Roanoke,2011-2012,8825300,95.22,122.83,Food Services
Rockbridge,2011-2012,1185191,53.50,69.01,Food Services
Rockingham,2011-2012,5678291,73.46,94.77,Food Services
Russell,2011-2012,2108879,72.68,93.77,Food Services
Scott,2011-2012,7326581,314.80,406.10,Food Services
Shenandoah,2011-2012,2185328,51.89,66.94,Food Services
Smyth,2011-2012,2581962,80.42,103.75,Food Services
Southampton,2011-2012,1183706,63.25,81.60,Food Services
Spotsylvania,2011-2012,9448749,76.20,98.30,Food Services
Stafford,2011-2012,26230376,200.13,258.17,Food Services
Surry,2011-2012,656797,94.26,121.60,Food Services
Sussex,2011-2012,1015828,84.26,108.70,Food Services
Tazewell,2011-2012,3389167,74.86,96.57,Food Services
Warren,2011-2012,2430459,64.49,83.19,Food Services
Washington,2011-2012,3617895,65.57,84.58,Food Services
Westmoreland,2011-2012,851239,48.75,62.89,Food Services
Wise,2011-2012,2889069,70.42,90.85,Food Services
Wythe,2011-2012,2163340,73.61,94.95,Food Services
York,2011-2012,4027412,61.05,78.75,Food Services
Alexandria,2010-2011,6090686,43.52,65.51,Food Services
Bedford,2010-2011,-,-,-,Food Services
Bristol,2010-2011,1130736,63.40,95.44,Food Services
Buena Vista,2010-2011,462767,69.59,104.76,Food Services
Charlottesville,2010-2011,2161636,49.72,74.85,Food Services
Chesapeake,2010-2011,11857854,53.36,80.33,Food Services
Colonial Heights,2010-2011,984825,56.56,85.15,Food Services
Covington,2010-2011,491247,82.41,124.06,Food Services
Danville,2010-2011,3295117,76.53,115.21,Food Services
Emporia,2010-2011,538331,90.83,136.73,Food Services
Fairfax,2010-2011,1433668,63.54,95.65,Food Services
Falls Church,2010-2011,2048302,166.10,250.05,Food Services
Franklin,2010-2011,627565,73.13,110.09,Food Services
Fredericksburg,2010-2011,1508533,62.12,93.51,Food Services
Galax,2010-2011,1105928,157.05,236.42,Food Services
Hampton,2010-2011,8503078,61.87,93.14,Food Services
Harrisonburg,2010-2011,2492072,50.95,76.70,Food Services
Hopewell,2010-2011,2006084,88.80,133.68,Food Services
Lexington,2010-2011,158498,22.51,33.88,Food Services
Lynchburg,2010-2011,3747621,49.59,74.66,Food Services
Manassas,2010-2011,2762362,73.04,109.95,Food Services
Manassas Park,2010-2011,2300924,161.21,242.69,Food Services
Martinsville,2010-2011,1456148,105.36,158.61,Food Services
Newport News,2010-2011,13598750,75.25,113.28,Food Services
Norfolk,2010-2011,26478971,109.06,164.18,Food Services
Norton,2010-2011,308120,77.85,117.19,Food Services
Petersburg,2010-2011,2001167,61.73,92.92,Food Services
Poquoson,2010-2011,1715579,141.20,212.57,Food Services
Portsmouth,2010-2011,7011115,73.39,110.48,Food Services
Radford,2010-2011,577868,35.22,53.02,Food Services
Richmond,2010-2011,10815450,52.96,79.73,Food Services
Roanoke,2010-2011,5613676,57.85,87.09,Food Services
Salem,2010-2011,1746782,70.43,106.03,Food Services
Staunton,2010-2011,1044105,43.97,66.19,Food Services
Suffolk,2010-2011,6136244,72.55,109.21,Food Services
Virginia Beach,2010-2011,25904162,59.14,89.04,Food Services
Waynesboro,2010-2011,1148582,54.68,82.31,Food Services
Williamsburg,2010-2011,303566,21.58,32.48,Food Services
Winchester,2010-2011,1749348,66.76,100.50,Food Services
Accomack,2010-2011,2358035,71.10,99.06,Food Services
Albemarle,2010-2011,4556220,46.04,64.14,Food Services
Alleghany,2010-2011,1346573,82.87,115.45,Food Services
Amelia,2010-2011,710514,55.99,78.01,Food Services
Amherst,2010-2011,2071069,64.01,89.19,Food Services
Appomattox,2010-2011,906542,60.55,84.35,Food Services
Arlington,2010-2011,19415099,93.51,130.28,Food Services
Augusta,2010-2011,4568350,61.94,86.30,Food Services
Bath,2010-2011,499452,105.57,147.08,Food Services
Bedford,2010-2011,4193732,61.07,85.08,Food Services
Bland,2010-2011,468438,68.65,95.64,Food Services
Botetourt,2010-2011,2131155,64.29,89.57,Food Services
Brunswick,2010-2011,1189901,68.25,95.09,Food Services
Buchanan,2010-2011,2073524,86.05,119.88,Food Services
Buckingham,2010-2011,1022370,59.63,83.07,Food Services
Campbell,2010-2011,3577419,65.23,90.88,Food Services
Caroline,2010-2011,1890622,66.23,92.28,Food Services
Carroll,2010-2011,2398374,79.83,111.23,Food Services
Charles City,2010-2011,453254,62.47,87.03,Food Services
Charlotte,2010-2011,1172867,93.19,129.83,Food Services
Chesterfield,2010-2011,18201076,57.56,80.19,Food Services
Clarke,2010-2011,811395,57.82,80.55,Food Services
Craig,2010-2011,347775,67.01,93.36,Food Services
Culpeper,2010-2011,3350227,71.76,99.97,Food Services
Cumberland,2010-2011,920976,91.62,127.65,Food Services
Dickenson,2010-2011,2017096,126.84,176.71,Food Services
Dinwiddie,2010-2011,1684787,60.17,83.83,Food Services
Essex,2010-2011,756378,67.83,94.50,Food Services
Fairfax,2010-2011,85458292,79.00,110.07,Food Services
Fauquier,2010-2011,4565119,70.01,97.54,Food Services
Floyd,2010-2011,523210,34.24,47.71,Food Services
Fluvanna,2010-2011,1477230,57.50,80.11,Food Services
Franklin,2010-2011,4146756,73.84,102.87,Food Services
Frederick,2010-2011,4877892,62.29,86.79,Food Services
Giles,2010-2011,1145876,66.29,92.36,Food Services
Gloucester,2010-2011,2035431,55.22,76.94,Food Services
Goochland,2010-2011,926523,42.66,59.44,Food Services
Grayson,2010-2011,1077570,69.37,96.65,Food Services
Greene,2010-2011,1202887,65.36,91.07,Food Services
Greensville,2010-2011,718571,58.69,81.77,Food Services
Halifax,2010-2011,3343991,92.27,128.55,Food Services
Hanover,2010-2011,7658881,76.69,106.85,Food Services
Henrico,2010-2011,16774259,54.65,76.14,Food Services
Henry,2010-2011,3808597,70.33,97.99,Food Services
Highland,,184303,79.41,110.63,Food Services
Isle of Wight,2010-2011,2011305,57.03,79.45,Food Services
James City,2010-2011,3623546,54.08,75.34,Food Services
King and Queen,2010-2011,386002,55.58,77.43,Food Services
King George,2010-2011,1252611,53.11,74.00,Food Services
King William,2010-2011,1025586,64.36,89.67,Food Services
Lancaster,2010-2011,551896,48.45,67.50,Food Services
Lee,2010-2011,2190243,85.60,119.26,Food Services
Loudoun,2010-2011,20704733,66.30,92.36,Food Services
Louisa,2010-2011,2146758,64.75,90.22,Food Services
Lunenburg,2010-2011,839420,65.00,90.56,Food Services
Madison,2010-2011,720576,54.15,75.44,Food Services
Mathews,2010-2011,702141,78.21,108.96,Food Services
Mecklenburg,2010-2011,1946669,59.48,82.87,Food Services
Middlesex,2010-2011,732357,66.83,93.10,Food Services
Montgomery,2010-2011,3880068,41.11,57.27,Food Services
Nelson,2010-2011,1019338,67.87,94.55,Food Services
New Kent,2010-2011,792429,43.00,59.91,Food Services
Northampton,2010-2011,939017,75.79,105.60,Food Services
Northumberland,2010-2011,540773,43.86,61.10,Food Services
Nottoway,2010-2011,1034712,65.27,90.93,Food Services
Orange,2010-2011,2582428,77.13,107.46,Food Services
Page,2010-2011,1603709,66.70,92.93,Food Services
Patrick,2010-2011,1595810,86.31,120.24,Food Services
Pittsylvania,2010-2011,5180928,81.58,113.66,Food Services
Powhatan,2010-2011,1352472,48.22,67.19,Food Services
Prince Edward,2010-2011,1138218,48.71,67.86,Food Services
Prince George,2010-2011,2562542,71.73,99.94,Food Services
Prince William,2010-2011,35398000,88.05,122.68,Food Services
Pulaski,2010-2011,2334320,66.94,93.26,Food Services
Rappahannock,2010-2011,445233,60.39,84.13,Food Services
Richmond,2010-2011,529002,57.16,79.64,Food Services
Roanoke,2010-2011,8867729,96.00,133.74,Food Services
Rockbridge,2010-2011,1079915,48.41,67.45,Food Services
Rockingham,2010-2011,5483331,71.85,100.11,Food Services
Russell,2010-2011,1978033,68.45,95.37,Food Services
Scott,2010-2011,5670853,244.68,340.89,Food Services
Shenandoah,2010-2011,2166105,51.58,71.87,Food Services
Smyth,2010-2011,2464104,76.51,106.59,Food Services
Southampton,2010-2011,1167337,62.86,87.58,Food Services
Spotsylvania,2010-2011,9265917,75.70,105.47,Food Services
Stafford,2010-2011,12090930,93.76,130.62,Food Services
Surry,2010-2011,587630,83.26,116.00,Food Services
Sussex,2010-2011,996339,82.43,114.84,Food Services
Tazewell,2010-2011,2958762,65.64,91.45,Food Services
Warren,2010-2011,2412312,64.20,89.44,Food Services
Washington,2010-2011,3658683,66.67,92.89,Food Services
Westmoreland,2010-2011,912898,52.30,72.87,Food Services
Wise,2010-2011,3158142,76.19,106.15,Food Services
Wythe,2010-2011,1903090,65.10,90.69,Food Services
York,2010-2011,4208864,64.29,89.57,Food Services
Alexandria,2009-2010,5729230,40.42,61.31,Food Services
Bedford,2009-2010,-,-,-,Food Services
Bristol,2009-2010,1258676,70.74,107.30,Food Services
Buena Vista,2009-2010,438475,66.91,101.50,Food Services
Charlottesville,2009-2010,1699147,42.14,63.93,Food Services
Chesapeake,2009-2010,12061206,54.83,83.17,Food Services
Colonial Heights,2009-2010,916204,51.94,78.79,Food Services
Covington,2009-2010,428945,72.01,109.23,Food Services
Danville,2009-2010,3273947,72.38,109.79,Food Services
Emporia,2009-2010,443745,75.71,114.84,Food Services
Fairfax,2009-2010,1307143,52.92,80.27,Food Services
Falls Church,2009-2010,2120550,181.07,274.65,Food Services
Franklin,2009-2010,607676,72.67,110.23,Food Services
Fredericksburg,2009-2010,1261841,55.10,83.57,Food Services
Galax,2009-2010,1117555,164.39,249.36,Food Services
Hampton,2009-2010,9215723,63.67,96.57,Food Services
Harrisonburg,2009-2010,2373806,50.62,76.78,Food Services
Hopewell,2009-2010,2063394,88.46,134.18,Food Services
Lexington,2009-2010,161803,22.22,33.70,Food Services
Lynchburg,2009-2010,3598109,49.72,75.41,Food Services
Manassas,2009-2010,2756393,76.12,115.45,Food Services
Manassas Park,2009-2010,1262312,90.00,136.51,Food Services
Martinsville,2009-2010,1387810,93.51,141.84,Food Services
Newport News,2009-2010,13210374,72.35,109.74,Food Services
Norfolk,2009-2010,28494733,119.84,181.78,Food Services
Norton,2009-2010,303660,74.90,113.62,Food Services
Petersburg,2009-2010,1969201,64.54,97.89,Food Services
Poquoson,2009-2010,319494,26.89,40.79,Food Services
Portsmouth,2009-2010,6459186,65.83,99.85,Food Services
Radford,2009-2010,586174,38.71,58.72,Food Services
Richmond,2009-2010,10379528,52.39,79.47,Food Services
Roanoke,2009-2010,5236873,56.13,85.14,Food Services
Salem,2009-2010,1729451,68.73,104.25,Food Services
Staunton,2009-2010,1110561,47.31,71.76,Food Services
Suffolk,2009-2010,6139451,73.96,112.19,Food Services
Virginia Beach,2009-2010,25983743,59.81,90.73,Food Services
Waynesboro,2009-2010,1221129,58.96,89.43,Food Services
Williamsburg,2009-2010,279677,20.61,31.26,Food Services
Winchester,2009-2010,1922553,72.87,110.53,Food Services
Accomack,2009-2010,2371515,59.92,84.67,Food Services
Albemarle,2009-2010,4490425,47.14,66.62,Food Services
Alleghany,2009-2010,1290289,76.42,107.99,Food Services
Amelia,2009-2010,708287,53.87,76.13,Food Services
Amherst,2009-2010,1901108,57.89,81.81,Food Services
Appomattox,2009-2010,865571,59.09,83.50,Food Services
Arlington,2009-2010,19658939,92.71,131.02,Food Services
Augusta,2009-2010,4542236,62.99,89.01,Food Services
Bath,2009-2010,519530,109.48,154.71,Food Services
Bedford,2009-2010,4286876,64.12,90.61,Food Services
Bland,2009-2010,474902,66.69,94.24,Food Services
Botetourt,2009-2010,1951285,58.60,82.81,Food Services
Brunswick,2009-2010,1128497,60.98,86.18,Food Services
Buchanan,2009-2010,2354207,95.73,135.28,Food Services
Buckingham,2009-2010,948265,56.40,79.70,Food Services
Campbell,2009-2010,3672140,68.98,97.47,Food Services
Caroline,2009-2010,1557843,55.15,77.94,Food Services
Carroll,2009-2010,2348082,77.49,109.51,Food Services
Charles City,2009-2010,425527,60.86,86.00,Food Services
Charlotte,2009-2010,1218070,96.12,135.83,Food Services
Chesterfield,2009-2010,16506182,53.66,75.83,Food Services
Clarke,2009-2010,724035,50.03,70.70,Food Services
Craig,2009-2010,345561,66.32,93.72,Food Services
Culpeper,2009-2010,3057919,63.79,90.14,Food Services
Cumberland,2009-2010,648846,64.92,91.73,Food Services
Dickenson,2009-2010,1640289,99.54,140.66,Food Services
Dinwiddie,2009-2010,1678299,61.68,87.16,Food Services
Essex,2009-2010,681776,61.96,87.56,Food Services
Fairfax,2009-2010,81579527,78.71,111.23,Food Services
Fauquier,2009-2010,4513485,66.67,94.21,Food Services
Floyd,2009-2010,910743,59.07,83.47,Food Services
Fluvanna,2009-2010,1454506,54.57,77.12,Food Services
Franklin,2009-2010,4167218,77.96,110.17,Food Services
Frederick,2009-2010,4744143,62.97,88.98,Food Services
Giles,2009-2010,1173704,70.50,99.62,Food Services
Gloucester,2009-2010,2347287,64.05,90.51,Food Services
Goochland,2009-2010,1005365,46.89,66.26,Food Services
Grayson,2009-2010,1225807,75.47,106.64,Food Services
Greene,2009-2010,1082447,59.76,84.45,Food Services
Greensville,2009-2010,636453,51.12,72.24,Food Services
Halifax,2009-2010,3208517,88.92,125.66,Food Services
Hanover,2009-2010,7030503,71.29,100.74,Food Services
Henrico,2009-2010,16632030,56.10,79.27,Food Services
Henry,2009-2010,4170672,77.53,109.56,Food Services
Highland,2009-2010,170016,74.81,105.72,Food Services
Isle of Wight,2009-2010,1783033,50.98,72.04,Food Services
James City,2009-2010,3405130,53.46,75.54,Food Services
King and Queen,2009-2010,439572,65.85,93.06,Food Services
King George,2009-2010,1141693,47.79,67.53,Food Services
King William,2009-2010,941255,58.16,82.19,Food Services
Lancaster,2009-2010,587852,49.86,70.46,Food Services
Lee,2009-2010,2307509,90.15,127.40,Food Services
Loudoun,2009-2010,19697224,66.07,93.37,Food Services
Louisa,2009-2010,1977824,60.07,84.88,Food Services
Lunenburg,2009-2010,858170,64.68,91.40,Food Services
Madison,2009-2010,679440,48.70,68.83,Food Services
Mathews,2009-2010,711881,74.92,105.88,Food Services
Mecklenburg,2009-2010,1850086,57.27,80.93,Food Services
Middlesex,2009-2010,528765,50.79,71.77,Food Services
Montgomery,2009-2010,4293439,46.98,66.38,Food Services
Nelson,2009-2010,1048214,67.55,95.45,Food Services
New Kent,2009-2010,788939,44.18,62.43,Food Services
Northampton,2009-2010,806617,60.28,85.19,Food Services
Northumberland,2009-2010,536107,40.00,56.53,Food Services
Nottoway,2009-2010,1061296,66.78,94.36,Food Services
Orange,2009-2010,1722497,50.83,71.84,Food Services
Page,2009-2010,1741112,72.02,101.78,Food Services
Patrick,2009-2010,1413928,72.62,102.63,Food Services
Pittsylvania,2009-2010,5119755,81.64,115.36,Food Services
Powhatan,2009-2010,1410724,50.19,70.93,Food Services
Prince Edward,2009-2010,1169473,54.38,76.85,Food Services
Prince George,2009-2010,2489418,64.84,91.63,Food Services
Prince William,2009-2010,33641000,86.94,122.86,Food Services
Pulaski,2009-2010,2426022,71.01,100.34,Food Services
Rappahannock,2009-2010,428386,60.62,85.67,Food Services
Richmond,2009-2010,523428,53.43,75.50,Food Services
Roanoke,2009-2010,9017461,96.97,137.03,Food Services
Rockbridge,2009-2010,1059313,48.36,68.34,Food Services
Rockingham,2009-2010,5241402,69.00,97.51,Food Services
Russell,2009-2010,1956085,66.44,93.88,Food Services
Scott,2009-2010,5904362,243.00,343.39,Food Services
Shenandoah,2009-2010,2067524,49.78,70.34,Food Services
Smyth,2009-2010,2558286,79.72,112.65,Food Services
Southampton,2009-2010,1162618,62.44,88.24,Food Services
Spotsylvania,2009-2010,8773003,72.02,101.78,Food Services
Stafford,2009-2010,10820121,85.95,121.45,Food Services
Surry,2009-2010,608523,84.94,120.04,Food Services
Sussex,2009-2010,937741,76.77,108.49,Food Services
Tazewell,2009-2010,3091143,69.40,98.08,Food Services
Warren,2009-2010,2175249,59.64,84.28,Food Services
Washington,2009-2010,3853040,70.77,100.01,Food Services
Westmoreland,2009-2010,891722,50.91,71.94,Food Services
Wise,2009-2010,3740890,89.84,126.96,Food Services
Wythe,2009-2010,1787821,63.78,90.14,Food Services
York,2009-2010,3955578,59.97,84.74,Food Services
Alexandria,2008-2009,5699864,40.21,60.25,Food Services
Bedford,2008-2009,-,-,-,Food Services
Bristol,2008-2009,1173456,65.95,98.81,Food Services
Buena Vista,2008-2009,443202,67.63,101.33,Food Services
Charlottesville,2008-2009,1824402,45.25,67.80,Food Services
Chesapeake,2008-2009,12249575,55.69,83.44,Food Services
Colonial Heights,2008-2009,992005,56.24,84.26,Food Services
Covington,2008-2009,631099,105.95,158.73,Food Services
Danville,2008-2009,3359298,74.27,111.27,Food Services
Emporia,2008-2009,495792,84.59,126.74,Food Services
Fairfax,2008-2009,1365819,55.29,82.84,Food Services
Falls Church,2008-2009,2283400,194.98,292.12,Food Services
Franklin,2008-2009,650237,77.76,116.50,Food Services
Fredericksburg,2008-2009,1332898,58.20,87.20,Food Services
Galax,2008-2009,991064,145.79,218.42,Food Services
Hampton,2008-2009,10003354,69.11,103.54,Food Services
Harrisonburg,2008-2009,2257751,48.14,72.13,Food Services
Hopewell,2008-2009,2361610,101.24,151.69,Food Services
Lexington,2008-2009,162282,22.28,33.39,Food Services
Lynchburg,2008-2009,3344645,46.22,69.24,Food Services
Manassas,2008-2009,2809522,77.58,116.24,Food Services
Manassas Park,2008-2009,1494571,106.55,159.64,Food Services
Martinsville,2008-2009,1353388,91.19,136.63,Food Services
Newport News,2008-2009,13486037,73.86,110.66,Food Services
Norfolk,2008-2009,27811775,116.97,175.25,Food Services
Norton,2008-2009,292675,72.19,108.16,Food Services
Petersburg,2008-2009,2184917,71.61,107.28,Food Services
Poquoson,2008-2009,370368,31.17,46.71,Food Services
Portsmouth,2008-2009,7196433,73.34,109.88,Food Services
Radford,2008-2009,637623,42.11,63.09,Food Services
Richmond,2008-2009,10234914,51.66,77.41,Food Services
Roanoke,2008-2009,5391452,57.78,86.57,Food Services
Salem,2008-2009,1753309,69.68,104.39,Food Services
Staunton,2008-2009,1074801,45.79,68.60,Food Services
Suffolk,2008-2009,5809930,69.99,104.87,Food Services
Virginia Beach,2008-2009,26084462,60.05,89.96,Food Services
Waynesboro,2008-2009,1113098,53.74,80.52,Food Services
Williamsburg,2008-2009,281603,20.75,31.09,Food Services
Winchester,2008-2009,1820995,69.02,103.41,Food Services
Accomack,2008-2009,2459066,62.13,86.61,Food Services
Albemarle,2008-2009,4445326,46.67,65.06,Food Services
Alleghany,2008-2009,1311276,77.66,108.26,Food Services
Amelia,2008-2009,747744,56.87,79.28,Food Services
Amherst,2008-2009,2023521,61.62,85.90,Food Services
Appomattox,2008-2009,933216,63.70,88.80,Food Services
Arlington,2008-2009,19751278,93.15,129.85,Food Services
Augusta,2008-2009,4542917,63.00,87.82,Food Services
Bath,2008-2009,549284,115.75,161.36,Food Services
Bedford,2008-2009,4578635,68.48,95.47,Food Services
Bland,2008-2009,446456,62.69,87.39,Food Services
Botetourt,2008-2009,2078593,62.42,87.02,Food Services
Brunswick,2008-2009,1205608,65.15,90.82,Food Services
Buchanan,2008-2009,2067273,84.06,117.18,Food Services
Buckingham,2008-2009,1002900,59.65,83.15,Food Services
Campbell,2008-2009,3507973,65.89,91.85,Food Services
Caroline,2008-2009,1561999,55.30,77.09,Food Services
Carroll,2008-2009,2257377,74.50,103.85,Food Services
Charles City,2008-2009,516945,73.93,103.06,Food Services
Charlotte,2008-2009,1335369,105.38,146.90,Food Services
Chesterfield,2008-2009,16623334,54.04,75.34,Food Services
Clarke,2008-2009,748908,51.75,72.14,Food Services
Craig,2008-2009,386570,74.19,103.42,Food Services
Culpeper,2008-2009,3008863,62.77,87.49,Food Services
Cumberland,2008-2009,776924,77.73,108.35,Food Services
Dickenson,2008-2009,1685393,102.28,142.57,Food Services
Dinwiddie,2008-2009,1643404,60.40,84.20,Food Services
Essex,2008-2009,711737,64.69,90.17,Food Services
Fairfax,2008-2009,84383321,81.41,113.49,Food Services
Fauquier,2008-2009,4647730,68.65,95.70,Food Services
Floyd,2008-2009,872864,56.61,78.92,Food Services
Fluvanna,2008-2009,1501275,56.33,78.52,Food Services
Franklin,2008-2009,4114352,76.98,107.30,Food Services
Frederick,2008-2009,4565941,60.60,84.48,Food Services
Giles,2008-2009,1136317,68.25,95.15,Food Services
Gloucester,2008-2009,2354680,64.25,89.57,Food Services
Goochland,2008-2009,952283,44.41,61.91,Food Services
Grayson,2008-2009,1133597,69.79,97.29,Food Services
Greene,2008-2009,1069610,59.05,82.32,Food Services
Greensville,2008-2009,715525,57.47,80.11,Food Services
Halifax,2008-2009,3320134,92.02,128.27,Food Services
Hanover,2008-2009,8046315,81.59,113.73,Food Services
Henrico,2008-2009,17248957,58.18,81.10,Food Services
Henry,2008-2009,3784911,70.36,98.08,Food Services
Highland,2008-2009,182610,80.36,112.02,Food Services
Isle of Wight,2008-2009,1929880,55.18,76.92,Food Services
James City,2008-2009,3528996,55.40,77.23,Food Services
King and Queen,2008-2009,466543,69.89,97.43,Food Services
King George,2008-2009,1158103,48.47,67.57,Food Services
King William,2008-2009,1037562,64.11,89.37,Food Services
Lancaster,2008-2009,623639,52.89,73.73,Food Services
Lee,2008-2009,2195241,85.77,119.56,Food Services
Loudoun,2008-2009,20273426,68.01,94.80,Food Services
Louisa,2008-2009,1999355,60.72,84.65,Food Services
Lunenburg,2008-2009,875811,66.01,92.02,Food Services
Madison,2008-2009,694650,49.79,69.41,Food Services
Mathews,2008-2009,775592,81.63,113.79,Food Services
Mecklenburg,2008-2009,1894530,58.65,81.75,Food Services
Middlesex,2008-2009,513263,49.30,68.72,Food Services
Montgomery,2008-2009,4321038,47.28,65.91,Food Services
Nelson,2008-2009,994655,64.09,89.35,Food Services
New Kent,2008-2009,861857,48.26,67.28,Food Services
Northampton,2008-2009,1002527,74.93,104.45,Food Services
Northumberland,2008-2009,540653,40.34,56.24,Food Services
Nottoway,2008-2009,1091479,68.68,95.73,Food Services
Orange,2008-2009,1691239,49.91,69.58,Food Services
Page,2008-2009,1629731,67.41,93.98,Food Services
Patrick,2008-2009,1600664,82.22,114.61,Food Services
Pittsylvania,2008-2009,5168228,82.41,114.88,Food Services
Powhatan,2008-2009,1528962,54.40,75.83,Food Services
Prince Edward,2008-2009,1063005,49.43,68.91,Food Services
Prince George,2008-2009,2501040,65.14,90.81,Food Services
Prince William,2008-2009,30861000,79.76,111.18,Food Services
Pulaski,2008-2009,2301803,67.37,93.91,Food Services
Rappahannock,2008-2009,457981,64.81,90.35,Food Services
Richmond,2008-2009,479433,48.94,68.22,Food Services
Roanoke,2008-2009,12318818,132.47,184.67,Food Services
Rockbridge,2008-2009,1187855,54.23,75.59,Food Services
Rockingham,2008-2009,5253210,69.16,96.40,Food Services
Russell,2008-2009,2002775,68.02,94.82,Food Services
Scott,2008-2009,5035272,207.23,288.88,Food Services
Shenandoah,2008-2009,1908655,45.95,64.06,Food Services
Smyth,2008-2009,2154193,67.13,93.57,Food Services
Southampton,2008-2009,1237692,66.47,92.66,Food Services
Spotsylvania,2008-2009,8725437,71.63,99.86,Food Services
Stafford,2008-2009,10806732,85.84,119.66,Food Services
Surry,2008-2009,578921,80.81,112.65,Food Services
Sussex,2008-2009,932343,76.33,106.40,Food Services
Tazewell,2008-2009,3157782,70.90,98.84,Food Services
Warren,2008-2009,2219190,60.85,84.82,Food Services
Washington,2008-2009,3568391,65.54,91.37,Food Services
Westmoreland,2008-2009,822203,46.94,65.44,Food Services
Wise,2008-2009,3505336,84.19,117.35,Food Services
Wythe,2008-2009,1834911,65.46,91.26,Food Services
York,2008-2009,4216186,63.92,89.10,Food Services
Alexandria,2007-2008,5530518,40.09,59.93,Food Services
Bedford,2007-2008,-,-,-,Food Services
Bristol,2007-2008,1145782,65.71,98.22,Food Services
Buena Vista,2007-2008,414576,63.63,95.12,Food Services
Charlottesville,2007-2008,1721980,43.44,64.94,Food Services
Chesapeake,2007-2008,12296354,56.76,84.85,Food Services
Colonial Heights,2007-2008,1004820,56.79,84.89,Food Services
Covington,2007-2008,609503,102.95,153.89,Food Services
Danville,2007-2008,3249407,71.97,107.58,Food Services
Emporia,2007-2008,477040,85.71,128.13,Food Services
Fairfax,2007-2008,1368578,57.06,85.29,Food Services
Falls Church,2007-2008,2093665,183.67,274.56,Food Services
Franklin,2007-2008,584855,70.53,105.43,Food Services
Fredericksburg,2007-2008,1264487,56.09,83.85,Food Services
Galax,2007-2008,1050444,156.65,234.17,Food Services
Hampton,2007-2008,9474946,65.71,98.22,Food Services
Harrisonburg,2007-2008,2154127,47.21,70.57,Food Services
Hopewell,2007-2008,1961916,84.33,126.07,Food Services
Lexington,2007-2008,161396,22.38,33.46,Food Services
Lynchburg,2007-2008,3019272,42.68,63.81,Food Services
Manassas,2007-2008,2605299,71.92,107.51,Food Services
Manassas Park,2007-2008,1108523,78.90,117.94,Food Services
Martinsville,2007-2008,1198986,83.30,124.53,Food Services
Newport News,2007-2008,13965958,77.17,115.36,Food Services
Norfolk,2007-2008,30064612,127.88,191.17,Food Services
Norton,2007-2008,289361,69.53,103.94,Food Services
Petersburg,2007-2008,2255923,73.99,110.61,Food Services
Poquoson,2007-2008,325496,27.61,41.27,Food Services
Portsmouth,2007-2008,6833774,70.02,104.67,Food Services
Radford,2007-2008,552796,35.47,53.02,Food Services
Richmond,2007-2008,10137283,51.86,77.53,Food Services
Roanoke,2007-2008,5070636,54.91,82.08,Food Services
Salem,2007-2008,1749928,70.71,105.70,Food Services
Staunton,2007-2008,1105109,47.85,71.52,Food Services
Suffolk,2007-2008,5612918,68.53,102.44,Food Services
Virginia Beach,2007-2008,25790724,59.78,89.36,Food Services
Waynesboro,2007-2008,1146671,55.63,83.15,Food Services
Williamsburg,2007-2008,289619,21.69,32.42,Food Services
Winchester,2007-2008,1691104,64.52,96.45,Food Services
Accomack,2007-2008,2233405,57.31,82.76,Food Services
Albemarle,2007-2008,4452195,47.53,68.63,Food Services
Alleghany,2007-2008,1300130,77.41,111.78,Food Services
Amelia,2007-2008,656757,50.51,72.93,Food Services
Amherst,2007-2008,1982398,61.30,88.51,Food Services
Appomattox,2007-2008,892698,61.93,89.43,Food Services
Arlington,2007-2008,18297304,88.47,127.74,Food Services
Augusta,2007-2008,4501423,62.88,90.80,Food Services
Bath,2007-2008,568320,120.44,173.91,Food Services
Bedford,2007-2008,4540109,68.51,98.92,Food Services
Bland,2007-2008,410632,58.24,84.09,Food Services
Botetourt,2007-2008,2059145,62.48,90.22,Food Services
Brunswick,2007-2008,1247746,67.77,97.85,Food Services
Buchanan,2007-2008,1940458,79.82,115.25,Food Services
Buckingham,2007-2008,1011945,61.16,88.31,Food Services
Campbell,2007-2008,3482440,66.21,95.61,Food Services
Caroline,2007-2008,1678120,60.28,87.04,Food Services
Carroll,2007-2008,1855200,61.58,88.92,Food Services
Charles City,2007-2008,495640,71.75,103.60,Food Services
Charlotte,2007-2008,1049388,84.27,121.67,Food Services
Chesterfield,2007-2008,16437742,54.15,78.19,Food Services
Clarke,2007-2008,706704,48.63,70.21,Food Services
Craig,2007-2008,323466,61.71,89.11,Food Services
Culpeper,2007-2008,3097576,65.19,94.13,Food Services
Cumberland,2007-2008,743464,75.71,109.32,Food Services
Dickenson,2007-2008,1568592,95.41,137.76,Food Services
Dinwiddie,2007-2008,1711661,63.77,92.07,Food Services
Essex,2007-2008,677932,63.17,91.21,Food Services
Fairfax,2007-2008,80211084,78.85,113.85,Food Services
Fauquier,2007-2008,4158462,62.25,89.89,Food Services
Floyd,2007-2008,860900,57.03,82.35,Food Services
Fluvanna,2007-2008,1450493,54.97,79.37,Food Services
Franklin,2007-2008,3904433,73.89,106.69,Food Services
Frederick,2007-2008,4680022,63.34,91.46,Food Services
Giles,2007-2008,1084602,65.66,94.81,Food Services
Gloucester,2007-2008,2289992,63.42,91.57,Food Services
Goochland,2007-2008,942643,45.10,65.11,Food Services
Grayson,2007-2008,1230974,76.25,110.10,Food Services
Greene,2007-2008,1099394,61.48,88.78,Food Services
Greensville,,717352,57.34,82.79,Food Services
Halifax,2007-2008,3040085,84.56,122.10,Food Services
Hanover,2007-2008,7978292,81.59,117.81,Food Services
Henrico,2007-2008,16933491,58.04,83.80,Food Services
Henry,2007-2008,3766975,69.93,100.97,Food Services
Highland,2007-2008,158511,69.45,100.28,Food Services
Isle of Wight,2007-2008,1811980,52.71,76.12,Food Services
James City,2007-2008,3437780,55.24,79.76,Food Services
King and Queen,2007-2008,448818,64.72,93.45,Food Services
King George,2007-2008,1130147,49.08,70.86,Food Services
King William,2007-2008,989030,62.74,90.59,Food Services
Lancaster,2007-2008,769615,65.48,94.54,Food Services
Lee,2007-2008,2196976,86.80,125.33,Food Services
Loudoun,2007-2008,19296112,67.07,96.85,Food Services
Louisa,2007-2008,1984764,61.58,88.92,Food Services
Lunenburg,2007-2008,827746,62.91,90.83,Food Services
Madison,2007-2008,805843,58.26,84.12,Food Services
Mathews,2007-2008,757300,80.41,116.10,Food Services
Mecklenburg,2007-2008,1897234,58.95,85.11,Food Services
Middlesex,2007-2008,489895,47.67,68.83,Food Services
Montgomery,2007-2008,4101331,45.31,65.42,Food Services
Nelson,2007-2008,990014,63.56,91.78,Food Services
New Kent,2007-2008,832687,47.75,68.94,Food Services
Northampton,2007-2008,1085746,81.92,118.28,Food Services
Northumberland,2007-2008,591322,44.69,64.53,Food Services
Nottoway,2007-2008,1006651,64.90,93.71,Food Services
Orange,2007-2008,1605153,48.49,70.01,Food Services
Page,2007-2008,1686885,70.39,101.63,Food Services
Patrick,2007-2008,1898813,98.84,142.72,Food Services
Pittsylvania,2007-2008,4512648,72.49,104.67,Food Services
Powhatan,2007-2008,1289240,46.80,67.57,Food Services
Prince Edward,2007-2008,1106196,51.44,74.28,Food Services
Prince George,2007-2008,2124421,56.32,81.32,Food Services
Prince William,2007-2008,27188000,71.75,103.61,Food Services
Pulaski,2007-2008,2200698,63.99,92.40,Food Services
Rappahannock,2007-2008,495314,71.52,103.28,Food Services
Richmond,2007-2008,497821,50.93,73.54,Food Services
Roanoke,2007-2008,10526846,115.43,166.67,Food Services
Rockbridge,2007-2008,1110152,50.79,73.33,Food Services
Rockingham,2007-2008,5449990,72.83,105.16,Food Services
Russell,2007-2008,1816102,62.65,90.46,Food Services
Scott,2007-2008,1883371,78.05,112.70,Food Services
Shenandoah,2007-2008,1968322,47.72,68.90,Food Services
Smyth,2007-2008,1993644,62.56,90.33,Food Services
Southampton,2007-2008,1155223,59.97,86.60,Food Services
Spotsylvania,2007-2008,8677427,71.94,103.88,Food Services
Stafford,2007-2008,10891585,88.06,127.15,Food Services
Surry,2007-2008,684855,96.38,139.16,Food Services
Sussex,2007-2008,955213,79.22,114.39,Food Services
Tazewell,2007-2008,3143166,71.09,102.64,Food Services
Warren,2007-2008,2066531,57.24,82.66,Food Services
Washington,2007-2008,3311643,62.22,89.84,Food Services
Westmoreland,2007-2008,968751,56.31,81.30,Food Services
Wise,2007-2008,3755508,91.34,131.88,Food Services
Wythe,2007-2008,1851536,66.30,95.73,Food Services
York,2007-2008,4285035,66.41,95.89,Food Services
Alexandria,2006-2007,4808558,35.17,57.65,Food Services
Bedford,2006-2007,-,-,-,Food Services
Bristol,2006-2007,1042819,59.96,98.28,Food Services
Buena Vista,2006-2007,427612,65.26,106.99,Food Services
Charlottesville,2006-2007,1810696,43.87,71.91,Food Services
Chesapeake,2006-2007,12595029,58.16,95.33,Food Services
Colonial Heights,2006-2007,930530,53.29,87.35,Food Services
Covington,2006-2007,513557,87.56,143.54,Food Services
Danville,2006-2007,3112425,68.58,112.42,Food Services
Emporia,2006-2007,400485,71.63,117.42,Food Services
Fairfax,2006-2007,1008547,43.44,71.22,Food Services
Falls Church,2006-2007,2037654,180.64,296.12,Food Services
Franklin,2006-2007,649159,76.36,125.18,Food Services
Fredericksburg,2006-2007,1203559,54.17,88.80,Food Services
Galax,2006-2007,574537,84.60,138.69,Food Services
Hampton,2006-2007,8417737,57.71,94.60,Food Services
Harrisonburg,2006-2007,1768319,39.55,64.84,Food Services
Hopewell,2006-2007,1895150,83.51,136.89,Food Services
Lexington,2006-2007,155321,21.39,35.07,Food Services
Lynchburg,2006-2007,2767756,39.69,65.06,Food Services
Manassas,2006-2007,2346235,64.23,105.29,Food Services
Manassas Park,2006-2007,1010345,72.43,118.73,Food Services
Martinsville,2006-2007,1195435,81.82,134.12,Food Services
Newport News,2006-2007,12544686,68.75,112.69,Food Services
Norfolk,2006-2007,23216117,98.38,161.27,Food Services
Norton,2006-2007,272022,72.17,118.31,Food Services
Petersburg,2006-2007,2549129,80.70,132.29,Food Services
Poquoson,2006-2007,357885,29.95,49.10,Food Services
Portsmouth,2006-2007,6971928,70.75,115.98,Food Services
Radford,2006-2007,559284,35.87,58.80,Food Services
Richmond,2006-2007,10488966,53.71,88.04,Food Services
Roanoke,2006-2007,4952842,52.97,86.83,Food Services
Salem,2006-2007,1641337,65.55,107.45,Food Services
Staunton,2006-2007,1018349,44.40,72.78,Food Services
Suffolk,2006-2007,5029724,61.94,101.53,Food Services
Virginia Beach,2006-2007,24247958,56.00,91.79,Food Services
Waynesboro,2006-2007,1101099,53.96,88.46,Food Services
Williamsburg,2006-2007,257122,19.41,31.82,Food Services
Winchester,2006-2007,1550567,59.88,98.15,Food Services
Accomack,2006-2007,2223843,57.11,90.17,Food Services
Albemarle,2006-2007,4004586,42.78,67.55,Food Services
Alleghany,2006-2007,1333120,77.69,122.66,Food Services
Amelia,2006-2007,610444,47.83,75.52,Food Services
Amherst,2006-2007,1821156,55.30,87.31,Food Services
Appomattox,2006-2007,813900,55.97,88.36,Food Services
Arlington,2006-2007,18290892,90.93,143.56,Food Services
Augusta,2006-2007,3919335,55.40,87.47,Food Services
Bath,2006-2007,541285,109.04,172.17,Food Services
Bedford,2006-2007,4345383,65.39,103.24,Food Services
Bland,2006-2007,403382,56.38,89.02,Food Services
Botetourt,2006-2007,2001439,60.39,95.35,Food Services
Brunswick,2006-2007,1137921,61.46,97.03,Food Services
Buchanan,2006-2007,1808492,76.08,120.12,Food Services
Buckingham,2006-2007,880788,53.90,85.10,Food Services
Campbell,2006-2007,3350694,64.30,101.52,Food Services
Caroline,2006-2007,1565791,58.96,93.09,Food Services
Carroll,2006-2007,1914513,63.29,99.93,Food Services
Charles City,2006-2007,470335,66.52,105.02,Food Services
Charlotte,2006-2007,962198,75.79,119.66,Food Services
Chesterfield,2006-2007,15384361,51.50,81.31,Food Services
Clarke,2006-2007,630672,44.49,70.25,Food Services
Craig,2006-2007,311886,59.13,93.35,Food Services
Culpeper,2006-2007,2778200,61.05,96.40,Food Services
Cumberland,2006-2007,825121,84.03,132.68,Food Services
Dickenson,2006-2007,1525084,96.53,152.41,Food Services
Dinwiddie,2006-2007,1585771,60.71,95.86,Food Services
Essex,2006-2007,608119,56.47,89.16,Food Services
Fairfax,2006-2007,62711818,61.94,97.79,Food Services
Fauquier,2006-2007,3892126,59.59,94.08,Food Services
Floyd,2006-2007,824805,54.59,86.20,Food Services
Fluvanna,2006-2007,1312512,50.37,79.53,Food Services
Franklin,2006-2007,3602333,69.01,108.96,Food Services
Frederick,2006-2007,5368493,73.59,116.20,Food Services
Giles,2006-2007,1050954,63.30,99.94,Food Services
Gloucester,2006-2007,2085786,57.16,90.25,Food Services
Goochland,2006-2007,823625,40.29,63.62,Food Services
Grayson,2006-2007,1123543,69.40,109.58,Food Services
Greene,2006-2007,945968,53.40,84.32,Food Services
Greensville,2006-2007,649554,53.86,85.05,Food Services
Halifax,2006-2007,3077374,83.87,132.43,Food Services
Hanover,2006-2007,8566381,87.80,138.63,Food Services
Henrico,2006-2007,15170649,52.35,82.66,Food Services
Henry,2006-2007,3974710,71.90,113.53,Food Services
Highland,2006-2007,165661,69.49,109.72,Food Services
Isle of Wight,2006-2007,1615312,48.06,75.88,Food Services
James City,2006-2007,2973051,48.16,76.03,Food Services
King and Queen,2006-2007,423617,60.85,96.07,Food Services
King George,2006-2007,1151442,51.86,81.87,Food Services
King William,2006-2007,853126,55.71,87.95,Food Services
Lancaster,2006-2007,821067,69.64,109.96,Food Services
Lee,2006-2007,2167644,90.81,143.38,Food Services
Loudoun,2006-2007,15912260,57.74,91.16,Food Services
Louisa,2006-2007,1734070,55.62,87.82,Food Services
Lunenburg,2006-2007,825723,62.26,98.31,Food Services
Madison,2006-2007,765612,55.37,87.42,Food Services
Mathews,2006-2007,721380,75.78,119.64,Food Services
Mecklenburg,2006-2007,1853733,56.35,88.98,Food Services
Middlesex,2006-2007,480530,46.72,73.76,Food Services
Montgomery,2006-2007,3575459,40.25,63.55,Food Services
Nelson,2006-2007,950432,62.64,98.91,Food Services
New Kent,2006-2007,723839,42.36,66.88,Food Services
Northampton,2006-2007,1306879,98.94,156.21,Food Services
Northumberland,2006-2007,598204,45.35,71.61,Food Services
Nottoway,2006-2007,1008651,64.55,101.92,Food Services
Orange,2006-2007,1552821,47.98,75.76,Food Services
Page,2006-2007,1447618,59.30,93.63,Food Services
Patrick,2006-2007,1842844,94.87,149.80,Food Services
Pittsylvania,2006-2007,4247925,68.81,108.65,Food Services
Powhatan,2006-2007,1186569,43.23,68.26,Food Services
Prince Edward,2006-2007,1043794,49.11,77.54,Food Services
Prince George,2006-2007,2210660,60.32,95.24,Food Services
Prince William,2006-2007,26181000,70.39,111.14,Food Services
Pulaski,2006-2007,2601540,74.34,117.37,Food Services
Rappahannock,2006-2007,448760,62.39,98.51,Food Services
Richmond,2006-2007,464093,51.03,80.58,Food Services
Roanoke,2006-2007,8956454,98.53,155.57,Food Services
Rockbridge,2006-2007,969329,43.88,69.29,Food Services
Rockingham,2006-2007,5512965,74.34,117.37,Food Services
Russell,2006-2007,1680578,58.36,92.15,Food Services
Scott,2006-2007,1571137,65.79,103.88,Food Services
Shenandoah,2006-2007,1617014,39.72,62.71,Food Services
Smyth,2006-2007,1854684,57.53,90.83,Food Services
Southampton,2006-2007,1155041,63.00,99.47,Food Services
Spotsylvania,2006-2007,8766770,73.11,115.44,Food Services
Stafford,2006-2007,9208480,76.49,120.77,Food Services
Surry,2006-2007,643428,89.30,141.00,Food Services
Sussex,2006-2007,834590,68.66,108.41,Food Services
Tazewell,2006-2007,2904928,67.56,106.68,Food Services
Warren,2006-2007,2000892,55.85,88.18,Food Services
Washington,2006-2007,2995566,56.55,89.28,Food Services
Westmoreland,2006-2007,887091,52.54,82.95,Food Services
Wise,2006-2007,2949980,72.35,114.23,Food Services
Wythe,2006-2007,1663630,59.81,94.43,Food Services
York,2006-2007,4121810,65.24,103.00,Food Services

